id_fin,id_convenio,id_tempo,receita_liquida,custo_total,receita_bruta
1,1,202301,548872.94,468819.84,597190.94
2,2,202301,941850.12,766031.06,1039155.00
3,3,202301,998749.75,761962.56,1143483.88
4,4,202301,780047.25,623697.50,882647.88
5,5,202301,400359.16,314165.53,440136.25
6,6,202301,631700.69,452538.03,694209.19
7,7,202301,798461.12,656419.06,874162.88
8,8,202301,854312.75,604620.75,904876.88
9,1,202302,534422.62,399972.06,573474.75
10,2,202302,233788.27,170112.91,266660.75
11,3,202302,287376.81,216154.06,329860.12
12,4,202302,644136.94,560749.50,694868.75
13,5,202302,748180.44,618251.75,851586.00
14,6,202302,338914.84,273455.19,387880.50
15,7,202302,410434.00,348259.62,457290.47
16,8,202302,656420.12,541848.75,726065.19
17,1,202303,600590.38,531121.62,678308.12
18,2,202303,934533.44,736360.56,1016418.12
19,3,202303,305843.88,229963.98,343300.38
20,4,202303,823942.81,633315.25,865583.38
21,5,202303,980500.25,873305.12,1063744.00
22,6,202303,217554.56,187147.19,243716.86
23,7,202303,936161.31,690936.81,1062245.50
24,8,202303,512787.78,407427.91,564719.56
25,1,202304,439889.53,364942.69,463044.25
26,2,202304,936337.12,696575.88,1039844.06
27,3,202304,654837.31,581963.19,737589.56
28,4,202304,923732.56,817477.88,1001561.75
29,5,202304,955867.06,836412.06,1061484.50
30,6,202304,464429.22,397271.75,515826.31
31,7,202304,687628.31,546039.25,767337.19
32,8,202304,442446.97,361198.84,479925.12
33,1,202305,206847.42,154813.70,232582.44
34,2,202305,824519.75,674051.12,895998.81
35,3,202305,411803.09,292830.88,457388.06
36,4,202305,438440.97,312455.03,482518.16
37,5,202305,389148.25,325800.12,424809.59
38,6,202305,656140.06,524719.38,708508.19
39,7,202305,737924.69,566666.12,788659.81
40,8,202305,806294.56,603743.44,901459.81
41,1,202306,704700.31,508106.66,780397.81
42,2,202306,418617.66,326799.91,459413.28
43,3,202306,225326.16,184490.91,245486.16
44,4,202306,593877.88,509412.69,678793.81
45,5,202306,791716.81,567944.69,840369.31
46,6,202306,415561.31,310136.34,441538.56
47,7,202306,735941.38,576113.00,818392.38
48,8,202306,745675.44,614411.81,847423.31
49,1,202307,803666.31,718307.56,920170.06
50,2,202307,694484.00,606644.12,732973.31
51,3,202307,442671.84,347694.34,486967.44
52,4,202307,904947.50,759150.12,997702.44
53,5,202307,255173.80,203237.31,286305.94
54,6,202307,994871.50,722370.81,1100064.75
55,7,202307,332199.91,238837.19,353892.22
56,8,202307,249920.66,214827.64,265078.81
57,1,202308,620318.00,436178.12,655953.81
58,2,202308,322950.81,272403.97,364756.62
59,3,202308,837166.69,681936.12,944978.06
60,4,202308,961097.62,747080.88,1077815.12
61,5,202308,881269.94,734883.19,978594.44
62,6,202308,512614.59,371603.44,553466.44
63,7,202308,271884.66,194633.69,287721.75
64,8,202308,559178.44,456867.28,616077.62
65,1,202309,422378.69,335519.44,472955.44
66,2,202309,561008.69,439625.62,644292.25
67,3,202309,232662.42,182659.02,252116.97
68,4,202309,259732.48,232029.67,274869.72
69,5,202309,636388.88,519513.62,686251.75
70,6,202309,283819.72,250045.83,302167.84
71,7,202309,322896.75,248669.22,343884.44
72,8,202309,794401.06,685353.25,902556.56
73,1,202310,315163.72,225922.19,346730.44
74,2,202310,984243.62,792927.62,1130637.12
75,3,202310,943976.38,814944.69,1023840.38
76,4,202310,956394.69,719896.94,1038641.31
77,5,202310,936891.81,835241.25,1035684.19
78,6,202310,795993.94,660594.00,914271.81
79,7,202310,971032.88,773124.31,1098160.38
80,8,202310,834627.44,632577.81,931487.50
81,1,202311,405976.22,360925.34,438848.88
82,2,202311,233064.98,167548.41,250661.84
83,3,202311,350879.16,315497.78,383096.50
84,4,202311,446268.94,365650.06,470867.59
85,5,202311,909674.75,703789.94,1004747.44
86,6,202311,221630.92,155306.52,248260.78
87,7,202311,614974.94,476380.91,669185.12
88,8,202311,542197.81,452460.03,623326.62
89,1,202312,485948.47,425026.44,527643.50
90,2,202312,463499.09,325491.72,508401.62
91,3,202312,639163.88,497441.88,718863.38
92,4,202312,233672.16,193057.03,263229.19
93,5,202312,642345.06,567065.00,694268.81
94,6,202312,667644.31,586682.69,708424.12
95,7,202312,409720.00,290365.44,430511.75
96,8,202312,387316.53,341470.09,423258.62
97,1,202401,217428.70,175199.34,242491.23
98,2,202401,735683.12,566074.75,817633.69
99,3,202401,438600.44,356558.91,474971.88
100,4,202401,857291.06,674438.69,984702.00
101,5,202401,452314.09,400516.56,496007.91
102,6,202401,549864.75,428805.16,619331.94
103,7,202401,431112.12,343598.75,467985.75
104,8,202401,871018.75,658795.38,973117.19
105,1,202402,579408.69,516630.56,620538.75
106,2,202402,280753.66,196542.34,319024.66
107,3,202402,412789.50,305831.84,455705.09
108,4,202402,273577.47,238708.81,304638.91
109,5,202402,723797.62,576472.75,812969.81
110,6,202402,275671.66,227558.03,316688.66
111,7,202402,545996.75,420877.88,608667.00
112,8,202402,567174.75,446241.84,612048.81
113,1,202403,820314.06,699105.56,866629.00
114,2,202403,757361.75,605362.56,826879.25
115,3,202403,815752.00,664514.50,900145.00
116,4,202403,278173.94,211937.48,294660.28
117,5,202403,324970.09,288859.66,352375.53
118,6,202403,625276.50,547648.81,707247.44
119,7,202403,961531.31,783205.75,1014940.81
120,8,202403,361265.38,275338.75,382373.69
121,1,202404,457214.34,351233.62,508188.31
122,2,202404,914680.12,794453.06,996731.00
123,3,202404,300353.75,228317.42,336171.34
124,4,202404,566087.69,456073.28,615997.00
125,5,202404,636185.06,518549.75,718965.31
126,6,202404,770678.75,688540.62,835205.62
127,7,202404,751096.94,530237.44,798168.94
128,8,202404,237643.31,173734.31,268425.09
129,1,202405,564682.31,493774.38,622440.00
130,2,202405,441444.38,394033.66,495228.03
131,3,202405,953576.81,782166.69,1014449.25
132,4,202405,609970.06,544837.50,673958.94
133,5,202405,645780.88,492705.69,694850.50
134,6,202405,767567.00,648934.44,815260.31
135,7,202405,764816.75,672876.12,806162.06
136,8,202405,633713.88,468478.88,702155.38
137,1,202406,646015.00,553720.38,694555.25
138,2,202406,254269.06,215131.02,284976.16
139,3,202406,785306.75,639263.94,863061.38
140,4,202406,840078.56,619723.88,935562.12
141,5,202406,940566.25,777425.88,1009487.25
142,6,202406,278202.12,208902.70,298700.09
143,7,202406,488453.81,389432.69,537515.38
144,8,202406,393394.00,290161.12,427426.41
145,1,202407,837405.44,679038.50,901725.75
146,2,202407,224139.45,178437.92,252743.41
147,3,202407,969010.62,804792.12,1076595.88
148,4,202407,200891.64,178742.52,225612.89
149,5,202407,549063.38,434343.78,618658.62
150,6,202407,567634.38,441492.19,601367.88
151,7,202407,807191.19,679670.75,908969.88
152,8,202407,898751.69,678020.38,967254.88
153,1,202408,686533.25,482431.12,745891.38
154,2,202408,961995.75,856172.94,1059471.00
155,3,202408,241446.58,171231.44,262305.84
156,4,202408,454748.19,331239.56,522821.59
157,5,202408,533904.81,438345.62,595641.75
158,6,202408,567595.06,440226.41,608198.44
159,7,202408,644887.06,575867.88,732265.56
160,8,202408,331517.38,234818.16,356286.75
161,1,202409,621625.62,546726.62,699076.50
162,2,202409,785273.31,673316.62,836140.81
163,3,202409,762979.12,661658.38,854600.25
164,4,202409,256262.44,224734.17,286120.81
165,5,202409,410950.28,319519.59,467028.97
166,6,202409,369395.66,322629.88,394070.06
167,7,202409,573407.44,423588.97,630630.25
168,8,202409,604705.94,466957.59,688661.25
169,1,202410,902183.38,716023.00,1034183.38
170,2,202410,687125.38,593336.62,740988.88
171,3,202410,610952.81,536827.81,658810.12
172,4,202410,775588.19,640399.62,889129.06
173,5,202410,226235.62,160506.20,257006.09
174,6,202410,440298.28,388156.78,482189.56
175,7,202410,459295.31,353701.69,518565.38
176,8,202410,325522.16,287724.28,359518.47
177,1,202411,418737.09,350985.12,453012.94
178,2,202411,747906.31,634478.12,793438.44
179,3,202411,733591.50,520254.16,810121.38
180,4,202411,557390.62,491658.34,618376.75
181,5,202411,689843.31,610806.50,742703.88
182,6,202411,606373.25,512252.53,644422.50
183,7,202411,480690.75,417569.38,539129.94
184,8,202411,737623.06,563015.12,820654.69
185,1,202412,472564.78,412481.88,503544.09
186,2,202412,758045.88,539109.69,817055.69
187,3,202412,738114.69,544462.50,799539.19
188,4,202412,767262.56,672705.62,862901.94
189,5,202412,710925.69,638346.88,797449.12
190,6,202412,427119.50,370519.47,484201.41
191,7,202412,539784.00,402367.75,598836.62
192,8,202412,947855.75,691048.62,1014646.62
